,parent,node,branch.length,label,vesicle,nt,region,label.order
1,385,1,5.73983282436117,__bs.GAD.9-4,bs,gad,bs,203
2,432,2,1.32704864328666,__bs.GAD.9-3,bs,gad,bs,202
3,384,3,0.300074650814607,__bs.SLC17A6.8-2,bs,glut,bs,205
4,360,4,1.31802013904496,__bs.GAD.OTX2.7-1,bs,gad,bs,187
5,384,5,0.300074650814607,__bs.SLC17A6.8-1,bs,glut,bs,204
6,529,6,0.43782634691299,__cbm.GAD.MLI.5,hind,gad,cbm,216
7,421,7,1.68620314834368,cbm.NEURON.PLI.6-3,hind,gad,cbm,217
8,469,8,0.577585427104305,__bs.GAD.9-1,bs,gad,bs,196
9,387,9,9.20311517379526,__bs.GAD.PAX3.9-11,bs,gad,bs,198
10,529,10,0.43782634691299,cbm.NEURON.PLI.6-2,hind,gad,cbm,215
11,469,11,0.577585427104305,__bs.GAD.9-6,bs,gad,bs,195
12,310,12,30.7202993547545,__cbm.PURKINJE.2,hind,gad,cbm,223
13,470,13,0.923548778813209,__bs.GAD.PAX3.9-12,bs,gad,bs,194
14,432,14,1.32704864328666,__bs.GAD.9-2,bs,gad,bs,201
15,386,15,7.2999909219335,__bs.DOPAMINE,bs,glut,bs,200
16,470,16,0.923548778813209,__bs.SLC17A8.9-10,bs,glut,bs,193
17,392,17,8.55066842396659,cbm.NEURON.3-1,hind,gad,cbm,221
18,422,18,4.3475306831229,cbm.NEURON.PLI.6-1,hind,gad,cbm,219
19,392,19,8.55066842396659,__cbm.GRANULE.1,hind,glut,cbm,220
20,386,20,7.2999909219335,__bs.GAD.TPH2.serotonin.9-5,bs,gad,bs,199
21,360,21,1.31802013904496,__thal.GAD.OTX2.2,dien,gad,thal,186
22,422,22,4.3475306831229,__cbm.GAD.GOLGI.4,hind,gad,cbm,218
23,398,23,6.51755148964318,__bs.SLC17A6.9-8,bs,glut,bs,197
24,374,24,10.603269807475,cbm.NEURON.3-2,hind,gad,cbm,222
25,381,25,1.90670799113508,__thal.SLC17A6.3-2,dien,glut,thal,210
26,420,26,3.01443460422946,__thal.SLC17A6.5-1,dien,glut,thal,207
27,381,27,1.90670799113508,__thal.SLC17A6.3-1,dien,glut,thal,209
28,331,28,2.33731711896375,__thal.SLC17A6.CHAT.3-3,dien,glut,thal,214
29,504,29,0.846469854916178,__thal.SLC17A6.3-4,dien,glut,thal,213
30,504,30,0.846469854916178,__thal.SLC17A6.3-5,dien,glut,thal,212
31,572,31,0.306112059957383,__ctx.GAD.PV.8-6,tele,gad,ctx,173
32,420,32,3.01443460422946,__thal.SLC17A6.5-2,dien,glut,thal,206
33,444,33,2.33363406727537,__ctx.GAD.PV.8-2,tele,gad,ctx,178
34,443,34,0.367886873201523,__ctx.GAD.PV.8-8,tele,gad,ctx,180
35,547,35,0.592901952563522,__ctx.GAD.PV.8-7,tele,gad,ctx,174
36,572,36,0.306112059957383,__ctx.GAD.PV.8-1,tele,gad,ctx,172
37,356,37,5.1779860514979,__ctx.GAD.SST.11-5,tele,gad,ctx,168
38,478,38,0.813656627953563,__ctx.GLUT.2-3,tele,glut,ctx,272
39,424,39,0.253618230799126,__str.GAD.PVALB.8-1,tele,gad,str,156
40,578,40,0.22952786457287,__ctx.GAD.PV.8-3,tele,gad,ctx,176
41,388,41,3.51539315455652,__ctx.GAD.CHANDELIER,tele,gad,ctx,150
42,332,42,21.334857925114,__ctx.GAD.CAJALRETZ,tele,gad,ctx,211
43,443,43,0.367886873201523,__ctx.GAD.PV.8-9,tele,gad,ctx,179
44,478,44,0.813656627953563,__ctx.GLUT.2-2,tele,glut,ctx,271
45,508,45,1.82376001827744,str.GAD.2-4,tele,gad,str,164
46,578,46,0.22952786457287,__ctx.GAD.PV.8-4,tele,gad,ctx,175
47,382,47,6.71521365723862,__thal.SLC17A6.6-1,dien,glut,thal,208
48,424,48,0.253618230799126,__str.GAD.PVALB.8-2,tele,gad,str,155
49,427,49,3.70720467486407,__hyp.GAD.11,dien,gad,hyp,185
50,308,50,14.0345466875393,__ctx.PFC.GAD.MEIS2.6-3,tele,gad,ctx,192
51,573,51,0.373526550177951,__ctx.GAD.SST.11-2,tele,gad,ctx,166
52,546,52,0.396429953835231,__ctx.GAD.PV.8-5,tele,gad,ctx,177
53,544,53,1.06578770070059,__ctx.GAD.LAMP5.1-3,tele,gad,ctx,137
54,375,54,3.34688988430093,__str.TAC3,tele,gad,str,18
55,367,55,2.61548947992997,__thal.SLC17A6.9-4,dien,glut,thal,62
56,460,56,1.11292128939451,str.GAD.2-3,tele,gad,str,132
57,487,57,2.43959601538479,__ctx.GAD.LAMP5.1-5,tele,gad,ctx,139
58,516,58,1.43525233019869,__ctx.GAD.CXCL14.4-2,tele,gad,ctx,120
59,569,59,0.454674335733176,__ctx.GAD.VIP.3-2,tele,gad,ctx,134
60,517,60,0.718506491503818,__ctx.GAD.SST.12,tele,gad,ctx,163
61,517,61,0.718506491503818,__ctx.GAD.SST.11-3,tele,gad,ctx,162
62,569,62,0.454674335733176,__ctx.GAD.VIP.3-1,tele,gad,ctx,133
63,459,63,0.672254074010513,__ctx.GAD.VIP.3-3,tele,gad,ctx,135
64,479,64,0.851485849605237,__ctx.GLUT.2-1,tele,glut,ctx,270
65,445,65,2.0007058884933,__ctx.GAD.CXCL14.4-1,tele,gad,ctx,118
66,492,66,1.14574558252628,__thal.GAD1.OTX2.6-5,dien,gad,thal,182
67,491,67,1.33085853526397,__str.CHAT,tele,gad,str,46
68,544,68,1.06578770070059,__ctx.GAD.LAMP5.1-4,tele,gad,ctx,136
69,503,69,1.33411702139106,__ctx.GAD.LAMP5.1-2,tele,gad,ctx,138
70,476,70,0.346196937274152,__ctx.PFC.GAD.MEIS2.6-2,tele,gad,ctx,191
71,513,71,0.596830138391617,__ctx.GAD.CXCL14.4-6,tele,gad,ctx,117
72,513,72,0.596830138391617,__ctx.GAD.CXCL14.4-7,tele,gad,ctx,116
73,495,73,0.510579805242924,str.GAD.2-5,tele,gad,str,38
74,426,74,2.71473500887308,__thal.GAD1.OTX2.6-4,dien,gad,thal,183
75,364,75,11.7454532045293,__hyp.SLC17A6.3,dien,glut,hyp,112
76,404,76,2.57672611432451,__ctx.GLUT.5-2,tele,glut,ctx,263
77,499,77,1.49555137627825,__thal.SLC17A6.9-2,dien,glut,thal,61
78,554,78,0.410648782289613,__ctx.GAD.VIP.3-6,tele,gad,ctx,131
79,576,79,0.282162694118182,__ctx.GAD.VIP.3-4,tele,gad,ctx,130
80,507,80,0.561479254873296,__ctx.GAD.SST.11-1,tele,gad,ctx,167
81,495,81,0.510579805242924,__hyp.GAD.LHX6.12-7,dien,gad,hyp,37
82,573,82,0.373526550177951,__ctx.GAD.SST.11-4,tele,gad,ctx,165
83,535,83,0.77980366964015,__ctx.GAD.LAMP5.1-1,tele,gad,ctx,141
84,492,84,1.14574558252628,__thal.GAD.OTX2.1,dien,gad,thal,181
85,449,85,0.643736278381769,__hyp.SLC17A6.SIM1.OTP.TRH.5-3,dien,glut,hyp,107
86,514,86,0.588798761509086,__thal.GAD.PAX7.8-1,dien,gad,thal,64
87,509,87,1.89176734161219,__ctx.GAD.CXCL14.4-3,tele,gad,ctx,121
88,576,88,0.282162694118182,__ctx.GAD.VIP.3-5,tele,gad,ctx,129
89,535,89,0.77980366964015,__str.GAD.CCK,tele,gad,str,140
90,486,90,1.51884894704605,__ctx.GAD.LAMP5_LHX6.2,tele,gad,ctx,142
91,526,91,0.907342938497503,__thal.GAD1.6-7,dien,gad,thal,56
92,538,92,0.744117820885252,__thal.SLC17A6.9-3,dien,glut,thal,60
93,533,93,0.359675783284007,__hyp.GAD.LHX6.12-10,dien,gad,hyp,36
94,500,94,1.0874930370815,__ctx.GAD.CXCL14.4-5,tele,gad,ctx,114
95,449,95,0.643736278381769,__hyp.SLC17A6.SIM1.OTP.CRH.5-2,dien,glut,hyp,106
96,476,96,0.346196937274152,__ctx.PFC.GAD.MEIS2.6-1,tele,gad,ctx,190
97,368,97,1.57260722091218,__hyp.SLC17A6.SIM1.OXT.AVP.4,dien,glut,hyp,110
98,500,98,1.0874930370815,__ctx.GAD.CXCL14.4-4,tele,gad,ctx,113
99,439,99,3.18467107700602,__ctx.GLUT.3,tele,glut,ctx,259
100,429,100,1.70805615394485,__thal.GAD1.6-6,dien,gad,thal,57
101,538,101,0.744117820885252,__thal.SLC17A6.9-1,dien,glut,thal,59
102,416,102,3.55551314645115,__ctx.GLUT.4,tele,glut,ctx,240
103,514,103,0.588798761509086,__thal.GAD.PAX7.8-2,dien,gad,thal,63
104,477,104,1.22242710806561,__ctx.PFC.GAD.MEIS2.6-5,tele,gad,ctx,189
105,366,105,1.9974139989957,__thal.GAD.PAX7.8-3,dien,gad,thal,65
106,574,106,0.438143926813175,__hyp.SLC17A6.SIM1.1-22,dien,glut,hyp,86
107,477,107,1.22242710806561,__ctx.PFC.GAD.MEIS2.6-4,tele,gad,ctx,188
108,579,108,0.16839694641884,__hyp.GAD.1-17,dien,gad,hyp,89
109,564,109,0.455136366081736,__hyp.GAD.LHX6.12-6,dien,gad,hyp,33
110,518,110,0.310534898648221,__hyp.SLC17A6.1-19,dien,glut,hyp,92
111,348,111,3.14170144771529,__str.SST_NPY,tele,gad,str,171
112,497,112,0.383364101298458,__thal.SLC17A6.7-4,dien,glut,thal,54
113,442,113,2.02898662345888,__hyp.SLC17A6.1.10-5,dien,glut,hyp,22
114,411,114,5.77803368135947,__thal.SLC17A6.10,dien,glut,thal,58
115,485,115,1.67945692464781,__ctx.GAD.NPY_NOS1,tele,gad,ctx,170
116,488,116,0.754837096938956,__hyp.SLC17A6.1-16,dien,glut,hyp,94
117,441,117,1.32466401186529,__hyp.SLC17A6.1.10-6,dien,glut,hyp,24
118,558,118,0.378785073696248,__hyp.SLC17A6.SIM1.1-9,dien,glut,hyp,90
119,488,119,0.754837096938956,__hyp.GAD.1-13,dien,gad,hyp,93
120,520,120,0.6828972614646,__ctx.GLUT.CUX2.1-2,tele,glut,ctx,258
121,493,121,0.750011266054989,__amy.GAD.SOX6.NKX2-1.2-2,tele,gad,amyg,154
122,494,122,1.61214602054064,__hyp.GAD.LHX6.12-3,dien,gad,hyp,152
123,579,123,0.16839694641884,__hyp.GAD1_someSLC17A6.1-21,dien,gad,hyp,88
124,559,124,0.540465830704256,__hyp.SLC17A6.1-20,dien,glut,hyp,87
125,490,125,1.29676473996698,__ctx.GLUT.CUX2.1-6,tele,glut,ctx,267
126,369,126,4.93719245770626,__hyp.SLC17A6.SIM1.OTP.AVP.5-1,dien,glut,hyp,108
127,526,127,0.907342938497503,__thal.SLC17A6_someGAD1.6-10,dien,glut,thal,55
128,574,128,0.438143926813175,__hyp.SLC17A6.1-15,dien,glut,hyp,85
129,518,129,0.310534898648221,__hyp.SLC17A6.1-18,dien,glut,hyp,91
130,402,130,0.638050942153647,__hyp.CHAT_SLC17A8.13,dien,glut,hyp,49
131,533,131,0.359675783284007,__hyp.GAD.LHX6.12-9,dien,gad,hyp,35
132,521,132,1.25684020226875,__ctx.GLUT.10,tele,glut,ctx,256
133,474,133,2.26925038695911,__hyp.SLC17A6.1.10-4,dien,glut,hyp,28
134,530,134,0.627533005116381,__hyp.GAD.LHX6.SST.12-5,dien,gad,hyp,6
135,564,135,0.455136366081736,__hyp.GAD.LHX6.12-8,dien,gad,hyp,32
136,551,136,0.771786920323225,__ctx.GLUT.9,tele,glut,ctx,255
137,536,137,0.458807729601853,__hyp.GAD.1-1,dien,gad,hyp,71
138,467,138,1.36030735276792,__thal.SLC17A6.6-11,dien,glut,thal,77
139,479,139,0.851485849605237,__ctx.GLUT.CUX2.1-1,tele,glut,ctx,269
140,453,140,2.44379818364552,__str.ESPN.i,tele,gad,str,290
141,364,141,11.7454532045293,__bf.GAD2.RFX4.11,tele,gad,bf,111
142,520,142,0.6828972614646,__ctx.GLUT.CUX2.1-3,tele,glut,ctx,257
143,427,143,3.70720467486407,__bf.GAD.OTX2.4-9,tele,gad,bf,184
144,502,144,1.36236048558676,__hyp.SLC17A6.SIM1.TRH.1-10,dien,glut,hyp,79
145,494,145,1.61214602054064,__amy.GAD.SOX6.NKX2-1.2-1,tele,gad,amyg,151
146,536,146,0.458807729601853,__hyp.GAD.1-2,dien,gad,hyp,70
147,491,147,1.33085853526397,__amy.CHAT.7-9,tele,gad,amyg,45
148,501,148,1.19585965728637,__ctx.GLUT.5-1,tele,glut,ctx,262
149,465,149,1.75537611700029,str.GAD.2-1,tele,gad,str,98
150,560,150,0.234830697177935,__hyp.SLC17A6.2-2,dien,glut,hyp,96
151,473,151,0.874468300550526,__bf.SLC17A6.5-5,tele,glut,bf,30
152,497,152,0.383364101298458,__thal.SLC17A6.7-3,dien,glut,thal,53
153,550,153,0.722329701237491,__hyp.SLC17A6.1.10-3,dien,glut,hyp,74
154,464,154,1.14581458623342,__hyp.LPO_MPO.TAC3,dien,gad,hyp,17
155,571,155,0.229269906901753,str.SPN.2,tele,gad,str,286
156,457,156,0.762485764261608,hipp.GAD.2-1,tele,gad,hipp,160
157,352,157,9.00377855556572,__bf.SLC17A6.6,tele,glut,bf,31
158,388,158,3.51539315455652,hipp.GAD.3-2,tele,gad,hipp,149
159,557,159,0.587352615664085,__bf.ADARB2.LHX6.2-1,tele,gad,bf,40
160,419,160,2.04062687769726,__amy.GAD.SOX6.POSTN.3,tele,gad,amyg,147
161,522,161,0.951878052097363,__hyp.GAD2.1-12,dien,gad,hyp,97
162,571,162,0.229269906901753,str.SPN.1,tele,gad,str,285
163,457,163,0.762485764261608,hipp.GAD.2-2,tele,gad,hipp,159
164,501,164,1.19585965728637,__ctx.GLUT.6,tele,glut,ctx,261
165,446,165,2.60708135680919,__amy.GAD.ADARB2.1-4,tele,gad,amyg,115
166,551,166,0.771786920323225,__ctx.GLUT.7,tele,glut,ctx,254
167,493,167,0.750011266054989,__amy.GAD.SOX6.2-3,tele,gad,amyg,153
168,461,168,1.72385284709526,amygdala.GAD.7-8,tele,gad,amyg,43
169,560,169,0.234830697177935,__hyp.SLC17A6.2-1,dien,glut,hyp,95
170,567,170,0.564533203292286,__hyp.GAD.PGR.1-7,dien,gad,hyp,73
171,537,171,0.502379980059452,__hyp.GAD.LHX8.NKX2-1.9,dien,gad,hyp,69
172,548,172,0.688438049761596,__ctx.GLUT.CUX2.1-7,tele,glut,ctx,266
173,414,173,4.03389185599899,__hyp.GAD.GAL.8,dien,gad,hyp,82
174,453,174,2.44379818364552,__str.ESPN.d,tele,gad,str,289
175,447,175,2.53788634442504,__hyp.SLC17A6.1.10-1,dien,glut,hyp,80
176,462,176,1.53861238188741,__amy.GAD.VIP.CRH.1-1,tele,gad,amyg,124
177,567,177,0.564533203292286,__hyp.GAD.FOXP2.NKX2-1.1-8,dien,gad,hyp,72
178,516,178,1.43525233019869,__amy.GAD.ADARB2.1-3,tele,gad,amyg,119
179,451,179,3.74179782443732,__bf.ADARB2.LHX6.2-3,tele,gad,bf,44
180,549,180,0.405324760665514,__hyp.GAD2.1-11,dien,gad,hyp,76
181,434,181,1.16299850764709,__amy.GAD.ADARB2.1-2,tele,gad,amyg,144
182,534,182,0.87895902959936,__bf.GAD.LHX6.3,tele,gad,bf,34
183,577,183,0.260848186724329,__hyp.SLC17A6.NKX2-1.1-5,dien,gad,hyp,67
184,575,184,0.399281285721132,__hyp.GAD.1-6,dien,glut,hyp,68
185,570,185,0.203349733310635,__str.iSPN,tele,gad,str,288
186,542,186,0.736410414323,__hyp.GAD.LHX6.SST.12-4,dien,gad,hyp,4
187,556,187,0.377273081699262,__bf.ADARB2.LHX6.2-5,tele,gad,bf,42
188,577,188,0.260848186724329,__hyp.GAD.1-4,dien,glut,hyp,66
189,561,189,0.49013996344978,__bf.SLC17A6.4-7,tele,glut,bf,26
190,379,190,2.82644040245718,__ctx.GLUT.CUX2.1-8,tele,glut,ctx,268
191,473,191,0.874468300550526,__bf.SLC17A6.5-6,tele,glut,bf,29
192,549,192,0.405324760665514,__hyp.GAD.1-3,dien,gad,hyp,75
193,351,193,11.4807349357201,__hyp.SLC17A6.1.10-2,dien,glut,hyp,84
194,405,194,5.3721190052188,__ctx.GLUT.8,tele,glut,ctx,260
195,358,195,1.08782710567308,__str.SPN.Nacc.3,tele,gad,str,284
196,475,196,1.26154674960312,hipp.GAD.1-7,tele,gad,hipp,127
197,557,197,0.587352615664085,__bf.ADARB2.LHX6.2-2,tele,gad,bf,39
198,561,198,0.49013996344978,__bf.SLC17A6.4-6,tele,glut,bf,25
199,458,199,1.52683518898828,hipp.GAD.2-4,tele,gad,hipp,158
200,402,200,0.638050942153647,__bf.CHAT.9,tele,gad,bf,48
201,570,201,0.203349733310635,__str.dSPN,tele,gad,str,287
202,458,202,1.52683518898828,__amy.GAD.SOX6.2-4,tele,gad,amyg,157
203,399,203,2.15975471469655,hipp.GAD.1-4,tele,gad,hipp,122
204,568,204,0.423795130976177,__ctx.GLUT.CUX2.1-4,tele,glut,ctx,265
205,556,205,0.377273081699262,__bf.ADARB2.LHX6.2-4,tele,gad,bf,41
206,530,206,0.627533005116381,__bf.LHX6.CHAT.1-8,tele,gad,bf,5
207,511,207,1.29794529703969,hipp.GAD.3-1,tele,gad,hipp,146
208,455,208,1.60599125895693,__hyp.GAD.LHX6.12-2,dien,gad,hyp,7
209,512,209,1.0718592042649,__bf.SLC17A6.5-4,tele,glut,bf,21
210,434,210,1.16299850764709,hipp.GAD.4,tele,gad,hipp,143
211,502,211,1.36236048558676,__bf.SLC17A6.4-14,tele,glut,bf,78
212,552,212,0.308179525341745,__thal.SLC17A6.7-1,dien,glut,thal,51
213,485,213,1.67945692464781,__amy.NPY_NOS1.8,tele,gad,amyg,169
214,475,214,1.26154674960312,hipp.GAD.1-5,tele,gad,hipp,126
215,408,215,3.21127300639157,hipp.GAD.1-6,tele,gad,hipp,128
216,377,216,5.7306587360051,hipp.GAD.2-3,tele,gad,hipp,161
217,543,217,1.02761170841495,__bf.GAD.SOX6.1-5,tele,gad,bf,2
218,464,218,1.14581458623342,__bf.TAC3,tele,gad,bf,16
219,414,219,4.03389185599899,__bf.GAD.4-13,tele,gad,bf,81
220,441,220,1.32466401186529,__bf.SLC17A6.5-2,tele,glut,bf,23
221,506,221,0.91663935542241,__bf.SLC17A6.4-5,tele,glut,bf,27
222,368,222,1.57260722091218,__bf.ce_amyg.CRYP.OTP,tele,glut,bf,109
223,565,223,0.38144017201311,__bf.GAD.4-10,tele,gad,bf,14
224,393,224,4.24567996441992,amygdala.GAD.7-5,tele,gad,amyg,103
225,403,225,2.74642059442655,__bf.CHAT.4-8,tele,gad,bf,47
226,407,226,5.42844763516881,__bf.GAD.SOX6.1-4,tele,gad,bf,8
227,543,227,1.02761170841495,__bf.GAD.SOX6.NPY.1-3,tele,gad,bf,1
228,498,228,1.20089794982197,__thal.SLC17A6.NOS1.6-8,dien,glut,thal,52
229,552,229,0.308179525341745,__thal.SLC17A6.7-2,dien,glut,thal,50
230,511,230,1.29794529703969,hipp.GAD.3-3,tele,gad,hipp,145
231,462,231,1.53861238188741,hipp.GAD.1-1,tele,gad,hipp,123
232,396,232,7.64512666182193,__bf.SLC17A6.4-15,tele,glut,bf,83
233,389,233,6.97267099027149,hipp.GAD.3-4,tele,gad,hipp,148
234,555,234,0.583545992375829,__bf.SLC17A6.5-1,tele,glut,bf,20
235,565,235,0.38144017201311,__bf.GAD.4-12,tele,gad,bf,13
236,568,236,0.423795130976177,__ctx.GLUT.CUX2.1-5,tele,glut,ctx,264
237,555,237,0.583545992375829,__bf.SLC17A6.5-3,tele,glut,bf,19
238,566,238,0.246088308245338,__amy.CRYP.7-1,tele,gad,amyg,100
239,456,239,3.17250101780893,amygdala.GAD.7-6,tele,gad,amyg,102
240,515,240,0.648468618930408,__hyp.GAD.OTOF_FOXP2.7,dien,gad,hyp,281
241,409,241,3.73028195210006,hipp.GAD.1-2,tele,gad,hipp,125
242,566,242,0.246088308245338,__amy.CRYP.OTP.7-2,tele,gad,amyg,99
243,540,243,1.32973846971551,__bf.GAD.4-2,tele,gad,bf,12
244,463,244,1.33526278663389,hipp.GLUT.7-1,tele,glut,hipp,239
245,542,245,0.736410414323,__bf.GAD.SOX6.NPY.1-6,tele,gad,bf,3
246,394,246,5.31029342458122,amygdala.GAD.7-4,tele,gad,amyg,105
247,539,247,0.85402277202456,__bf.GAD.4-11,tele,gad,bf,15
248,545,248,0.902244990520279,__bf.SLC17A6.4-4,tele,glut,bf,11
249,463,249,1.33526278663389,hipp.GLUT.7-2,tele,glut,hipp,238
250,394,250,5.31029342458122,__amy.GAD.DRD2.PENK.5-2,tele,gad,amyg,104
251,415,251,1.79252804639937,hipp.GLUT.7-3,tele,glut,hipp,242
252,390,252,1.9675121962011,__amy.GAD.FOXP2.MEIS2.4-1,tele,gad,amyg,282
253,484,253,0.765041858138361,amygdala.GAD.7-3,tele,gad,amyg,101
254,358,254,1.08782710567308,__hyp.GAD.OTOF_FOXP2.6-1,dien,gad,hyp,283
255,562,255,0.383264944238728,__bf.GAD.4-1,tele,gad,bf,10
256,362,256,5.91940365624043,hipp.GLUT.4-4,tele,glut,hipp,253
257,562,257,0.383264944238728,__bf.GAD.4-3,tele,gad,bf,9
258,472,258,1.13362207022823,__hyp.GAD.OTOF_FOXP2.6-3,dien,gad,hyp,277
259,471,259,0.901497441368228,__hyp.GAD.OTOF_FOXP2.6-2,dien,gad,hyp,275
260,436,260,0.842654310073008,__amy.GAD.FOXP2.6,tele,gad,amyg,279
261,354,261,2.23734591406043,hipp.GLUT.2,tele,glut,hipp,237
262,412,262,3.15805904253029,__amy.SLC17A6.2-2,tele,glut,amyg,235
263,480,263,1.18146530233626,__amy.SLC17A6.1-2,tele,glut,amyg,229
264,436,264,0.842654310073008,__amy.GAD.DRD2.PENK.5-1,tele,gad,amyg,278
265,430,265,3.19855534047199,hipp.GLUT.6,tele,glut,hipp,233
266,412,266,3.15805904253029,__amy.SLC17A7.SATB2.4-3,tele,glut,amyg,234
267,480,267,1.18146530233626,__amy.SLC17A7.CUX2.ADCYAP1.8,tele,glut,amyg,228
268,510,268,0.943925472549412,__amy.SLC17A6.1-3,tele,glut,amyg,231
269,531,269,0.630136486080157,__amy.SLC17A6.1-1,tele,glut,amyg,227
270,531,270,0.630136486080157,__amy.SLC17A6.2-1,tele,glut,amyg,226
271,354,271,2.23734591406043,hipp.GLUT.1,tele,glut,hipp,236
272,527,272,0.326311383043124,hipp.GLUT.4-2,tele,glut,hipp,252
273,528,273,0.939810856589878,hipp.GLUT.3-2,tele,glut,hipp,250
274,528,274,0.939810856589878,hipp.GLUT.4-3,tele,glut,hipp,249
275,515,275,0.648468618930408,__bf.GAD.OTOF_FOXP2.8,tele,gad,bf,280
276,472,276,1.13362207022823,__bf.GAD.OTOF_FOXP2.7-4,tele,gad,bf,276
277,527,277,0.326311383043124,hipp.GLUT.4-1,tele,glut,hipp,251
278,532,278,0.87362300116318,__amy.SLC17A7.COL11A1.6,tele,glut,amyg,225
279,415,279,1.79252804639937,__amy.SLC17A7.FOXP2.5,tele,glut,amyg,241
280,482,280,2.12715702933648,__amy.SLC17A7.SATB2.SLC17A8.TG.4-1,tele,glut,amyg,232
281,553,281,1.02437727825818,amygdala.GLUT.7,tele,glut,amyg,244
282,553,282,1.02437727825818,hipp.GLUT.3-1,tele,glut,hipp,243
283,563,283,0.269853840262051,__bf.GAD.OTOF_FOXP2.7-1,tele,gad,bf,274
284,524,284,1.18063600444127,hipp.GLUT.3-3,tele,glut,hipp,245
285,563,285,0.269853840262051,__bf.GAD.OTOF_FOXP2.7-3,tele,gad,bf,273
286,510,286,0.943925472549412,__amy.SLC17A7.SATB2.4-2,tele,glut,amyg,230
287,532,287,0.87362300116318,hipp.GLUT.5,tele,glut,hipp,224
288,523,288,0.246065088150099,hipp.GLUT.3-5,tele,glut,hipp,247
289,523,289,0.246065088150099,hipp.GLUT.3-6,tele,glut,hipp,246
290,363,290,9.21246419981729,hipp.GLUT.3-4,tele,glut,hipp,248
291,291,291,NA,NA,NA,NA,NA,NA
292,291,292,153.275293892594,NA,NA,NA,NA,NA
293,291,293,42.7471819949834,NA,NA,NA,NA,NA
294,293,294,157.620858802156,NA,NA,NA,NA,NA
295,293,295,28.5275778764203,NA,NA,NA,NA,NA
296,295,296,144.268830699812,NA,NA,NA,NA,NA
297,295,297,113.781788958353,NA,NA,NA,NA,NA
298,292,298,80.1715341008784,NA,NA,NA,NA,NA
299,292,299,44.0950941894473,NA,NA,NA,NA,NA
300,297,300,21.607895003264,NA,NA,NA,NA,NA
301,297,301,15.7364426867965,NA,NA,NA,NA,NA
302,299,302,45.5050881473428,NA,NA,NA,NA,NA
303,299,303,30.8688053340731,NA,NA,NA,NA,NA
304,294,304,32.7655917084414,NA,NA,NA,NA,NA
305,294,305,24.8360003199288,NA,NA,NA,NA,NA
306,301,306,36.3796514477085,NA,NA,NA,NA,NA
307,301,307,26.1057457711914,NA,NA,NA,NA,NA
308,300,308,44.2444604169269,NA,NA,NA,NA,NA
309,300,309,42.1823658132101,NA,NA,NA,NA,NA
310,296,310,18.679561011517,NA,NA,NA,NA,NA
311,296,311,1.23421412153377,NA,NA,NA,NA,NA
312,311,312,26.9599957234796,NA,NA,NA,NA,NA
313,311,313,21.0953522709051,NA,NA,NA,NA,NA
314,305,314,21.4168551230204,NA,NA,NA,NA,NA
315,305,315,5.62570688340045,NA,NA,NA,NA,NA
316,307,316,16.2675774048828,NA,NA,NA,NA,NA
317,307,317,13.7283389788997,NA,NA,NA,NA,NA
318,303,318,21.043962828289,NA,NA,NA,NA,NA
319,303,319,14.2264679820969,NA,NA,NA,NA,NA
320,315,320,25.3451293664642,NA,NA,NA,NA,NA
321,315,321,6.06395725131491,NA,NA,NA,NA,NA
322,304,322,16.2603306877527,NA,NA,NA,NA,NA
323,304,323,11.184654818445,NA,NA,NA,NA,NA
324,298,324,26.7239040383507,NA,NA,NA,NA,NA
325,298,325,14.9262027898383,NA,NA,NA,NA,NA
326,310,326,17.6089807917456,NA,NA,NA,NA,NA
327,321,327,23.1722284857868,NA,NA,NA,NA,NA
328,321,328,10.541058773807,NA,NA,NA,NA,NA
329,306,329,22.6982973982482,NA,NA,NA,NA,NA
330,306,330,9.59428177139718,NA,NA,NA,NA,NA
331,313,331,24.7329768548689,NA,NA,NA,NA,NA
332,313,332,5.73543604871868,NA,NA,NA,NA,NA
333,317,333,18.6529445419222,NA,NA,NA,NA,NA
334,317,334,13.5362723320523,NA,NA,NA,NA,NA
335,319,335,15.0298294440736,NA,NA,NA,NA,NA
336,319,336,5.25464341072115,NA,NA,NA,NA,NA
337,302,337,18.8626839298985,NA,NA,NA,NA,NA
338,302,338,10.2789137973168,NA,NA,NA,NA,NA
339,316,339,17.7936208332039,NA,NA,NA,NA,NA
340,316,340,8.27098312265592,NA,NA,NA,NA,NA
341,332,341,9.57662324626437,NA,NA,NA,NA,NA
342,312,342,10.1894378312746,NA,NA,NA,NA,NA
343,312,343,10.1798868907642,NA,NA,NA,NA,NA
344,323,344,10.7940627764108,NA,NA,NA,NA,NA
345,323,345,2.51131437516504,NA,NA,NA,NA,NA
346,314,346,10.0693879759287,NA,NA,NA,NA,NA
347,314,347,2.99272024611802,NA,NA,NA,NA,NA
348,330,348,15.0348247541128,NA,NA,NA,NA,NA
349,330,349,1.28451029481225,NA,NA,NA,NA,NA
350,345,350,14.7717893601974,NA,NA,NA,NA,NA
351,345,351,6.63311430257645,NA,NA,NA,NA,NA
352,328,352,8.50490835633118,NA,NA,NA,NA,NA
353,328,353,4.96723704911996,NA,NA,NA,NA,NA
354,336,354,14.9858002144942,NA,NA,NA,NA,NA
355,336,355,9.23918040474456,NA,NA,NA,NA,NA
356,349,356,11.714029855518,NA,NA,NA,NA,NA
357,349,357,4.55485920177269,NA,NA,NA,NA,NA
358,325,358,15.4825930485032,NA,NA,NA,NA,NA
359,325,359,5.83365108380873,NA,NA,NA,NA,NA
360,309,360,14.7786211522112,NA,NA,NA,NA,NA
361,309,361,9.73525736352692,NA,NA,NA,NA,NA
362,318,362,9.74089103684325,NA,NA,NA,NA,NA
363,318,363,6.44783049326639,NA,NA,NA,NA,NA
364,322,364,3.80403453962461,NA,NA,NA,NA,NA
365,322,365,0.773543844668072,NA,NA,NA,NA,NA
366,347,366,13.3324204522852,NA,NA,NA,NA,NA
367,347,367,12.7143449713509,NA,NA,NA,NA,NA
368,365,368,13.2033366785737,NA,NA,NA,NA,NA
369,365,369,9.83875144177961,NA,NA,NA,NA,NA
370,308,370,10.8258371876347,NA,NA,NA,NA,NA
371,340,371,5.13263051131472,NA,NA,NA,NA,NA
372,340,372,4.49563654956611,NA,NA,NA,NA,NA
373,326,373,6.44496390262954,NA,NA,NA,NA,NA
374,326,374,2.50804875553389,NA,NA,NA,NA,NA
375,353,375,9.19455997847602,NA,NA,NA,NA,NA
376,353,376,4.1260774544401,NA,NA,NA,NA,NA
377,357,377,6.60649796923807,NA,NA,NA,NA,NA
378,357,378,5.88122684719199,NA,NA,NA,NA,NA
379,338,379,8.96262050832891,NA,NA,NA,NA,NA
380,338,380,3.03785233113147,NA,NA,NA,NA,NA
381,341,381,9.85152668771452,NA,NA,NA,NA,NA
382,341,382,5.04302102161098,NA,NA,NA,NA,NA
383,351,383,1.81383064390834,NA,NA,NA,NA,NA
384,343,384,10.7256889796793,NA,NA,NA,NA,NA
385,343,385,5.28593080613271,NA,NA,NA,NA,NA
386,342,386,3.71622176805003,NA,NA,NA,NA,NA
387,342,387,1.81309751618827,NA,NA,NA,NA,NA
388,334,388,7.26470918423392,NA,NA,NA,NA,NA
389,334,389,3.80743134851896,NA,NA,NA,NA,NA
390,359,390,8.76925687416645,NA,NA,NA,NA,NA
391,359,391,5.08245533457174,NA,NA,NA,NA,NA
392,374,392,2.05260138350843,NA,NA,NA,NA,NA
393,344,393,5.58542087263083,NA,NA,NA,NA,NA
394,344,394,4.52080741246954,NA,NA,NA,NA,NA
395,383,395,4.67649332696851,NA,NA,NA,NA,NA
396,383,396,2.02177762998983,NA,NA,NA,NA,NA
397,363,397,7.46955480165812,NA,NA,NA,NA,NA
398,387,398,2.68556368415208,NA,NA,NA,NA,NA
399,372,399,6.85076185794101,NA,NA,NA,NA,NA
400,372,400,3.94808509753411,NA,NA,NA,NA,NA
401,352,401,1.72925292763067,NA,NA,NA,NA,NA
402,320,402,8.13052262840096,NA,NA,NA,NA,NA
403,320,403,6.02215297612806,NA,NA,NA,NA,NA
404,380,404,6.17448246533011,NA,NA,NA,NA,NA
405,380,405,3.37908957443583,NA,NA,NA,NA,NA
406,376,406,6.9740842789629,NA,NA,NA,NA,NA
407,376,407,2.98692477316804,NA,NA,NA,NA,NA
408,371,408,5.16224960449739,NA,NA,NA,NA,NA
409,371,409,4.64324065878889,NA,NA,NA,NA,NA
410,346,410,5.62632905131911,NA,NA,NA,NA,NA
411,346,411,2.47513304011072,NA,NA,NA,NA,NA
412,355,412,4.82590668127973,NA,NA,NA,NA,NA
413,355,413,2.21047714047993,NA,NA,NA,NA,NA
414,396,414,3.61123480582294,NA,NA,NA,NA,NA
415,335,415,5.6554320488028,NA,NA,NA,NA,NA
416,335,416,3.89244694875102,NA,NA,NA,NA,NA
417,401,417,4.05036052012088,NA,NA,NA,NA,NA
418,401,418,2.18602750613211,NA,NA,NA,NA,NA
419,389,419,4.93204411257422,NA,NA,NA,NA,NA
420,382,420,3.70077905300916,NA,NA,NA,NA,NA
421,373,421,4.98015151203569,NA,NA,NA,NA,NA
422,373,422,2.31882397725648,NA,NA,NA,NA,NA
423,398,423,3.23014673135043,NA,NA,NA,NA,NA
424,378,424,6.20231162725206,NA,NA,NA,NA,NA
425,378,425,3.75659253409091,NA,NA,NA,NA,NA
426,361,426,3.64664891885618,NA,NA,NA,NA,NA
427,361,427,2.65417925286519,NA,NA,NA,NA,NA
428,362,428,4.22768966603561,NA,NA,NA,NA,NA
429,411,429,4.06997752741462,NA,NA,NA,NA,NA
430,413,430,2.57493324285809,NA,NA,NA,NA,NA
431,413,431,2.57090453798203,NA,NA,NA,NA,NA
432,385,432,4.4127841810745,NA,NA,NA,NA,NA
433,377,433,1.57349871730446,NA,NA,NA,NA,NA
434,333,434,4.50043162127348,NA,NA,NA,NA,NA
435,333,435,2.59222809270118,NA,NA,NA,NA,NA
436,391,436,4.81165942572281,NA,NA,NA,NA,NA
437,391,437,2.42382294448429,NA,NA,NA,NA,NA
438,407,438,0.812106227253721,NA,NA,NA,NA,NA
439,405,439,2.18744792821278,NA,NA,NA,NA,NA
440,356,440,2.99898460058748,NA,NA,NA,NA,NA
441,418,441,3.76383410993765,NA,NA,NA,NA,NA
442,418,442,3.05951149834406,NA,NA,NA,NA,NA
443,329,443,4.70462370177561,NA,NA,NA,NA,NA
444,329,444,2.73887650770177,NA,NA,NA,NA,NA
445,400,445,3.06172558661015,NA,NA,NA,NA,NA
446,400,446,2.45535011829426,NA,NA,NA,NA,NA
447,395,447,2.45252462041822,NA,NA,NA,NA,NA
448,395,448,1.70278081222217,NA,NA,NA,NA,NA
449,369,449,4.29345617932449,NA,NA,NA,NA,NA
450,327,450,2.21204722728206,NA,NA,NA,NA,NA
451,327,451,1.1357193754798,NA,NA,NA,NA,NA
452,324,452,4.12059751512184,NA,NA,NA,NA,NA
453,324,453,2.32892072201837,NA,NA,NA,NA,NA
454,438,454,3.26544885958665,NA,NA,NA,NA,NA
455,438,455,3.01035014895816,NA,NA,NA,NA,NA
456,393,456,1.07317894661099,NA,NA,NA,NA,NA
457,433,457,3.39467425443903,NA,NA,NA,NA,NA
458,433,458,2.63032482971237,NA,NA,NA,NA,NA
459,339,459,3.31126133764521,NA,NA,NA,NA,NA
460,339,460,2.87059412226121,NA,NA,NA,NA,NA
461,451,461,2.01794497734206,NA,NA,NA,NA,NA
462,409,462,2.19166957021265,NA,NA,NA,NA,NA
463,416,463,2.22025035981726,NA,NA,NA,NA,NA
464,375,464,2.20107529806751,NA,NA,NA,NA,NA
465,350,465,1.58668376109885,NA,NA,NA,NA,NA
466,350,466,0.442004316798517,NA,NA,NA,NA,NA
467,448,467,1.92732279985318,NA,NA,NA,NA,NA
468,448,468,1.7754201291343,NA,NA,NA,NA,NA
469,423,469,2.70981933118844,NA,NA,NA,NA,NA
470,423,470,2.36385597947954,NA,NA,NA,NA,NA
471,437,471,2.3289933499433,NA,NA,NA,NA,NA
472,437,472,2.0968687210833,NA,NA,NA,NA,NA
473,417,473,2.34969680726364,NA,NA,NA,NA,NA
474,417,474,0.954914720855054,NA,NA,NA,NA,NA
475,408,475,1.94972625678845,NA,NA,NA,NA,NA
476,370,476,2.86251256263051,NA,NA,NA,NA,NA
477,370,477,1.98628239183905,NA,NA,NA,NA,NA
478,337,478,2.39163415025089,NA,NA,NA,NA,NA
479,337,479,2.35380492859922,NA,NA,NA,NA,NA
480,431,480,2.0211187430118,NA,NA,NA,NA,NA
481,431,481,1.64342844755452,NA,NA,NA,NA,NA
482,430,482,1.07139831113551,NA,NA,NA,NA,NA
483,439,483,1.40725019506292,NA,NA,NA,NA,NA
484,456,484,2.40745915967057,NA,NA,NA,NA,NA
485,348,485,1.46224452306748,NA,NA,NA,NA,NA
486,435,486,1.55235308917332,NA,NA,NA,NA,NA
487,435,487,0.631606020834589,NA,NA,NA,NA,NA
488,466,488,2.14521846436166,NA,NA,NA,NA,NA
489,466,489,1.10501028277672,NA,NA,NA,NA,NA
490,379,490,1.52967566249021,NA,NA,NA,NA,NA
491,403,491,1.41556205916258,NA,NA,NA,NA,NA
492,426,492,1.5689894263468,NA,NA,NA,NA,NA
493,425,493,1.94932605790529,NA,NA,NA,NA,NA
494,425,494,1.08719130341964,NA,NA,NA,NA,NA
495,450,495,2.15489016739214,NA,NA,NA,NA,NA
496,450,496,1.13271029631794,NA,NA,NA,NA,NA
497,410,497,2.24347356885262,NA,NA,NA,NA,NA
498,410,498,1.42593972032911,NA,NA,NA,NA,NA
499,367,499,1.11993810365172,NA,NA,NA,NA,NA
500,446,500,1.5195883197277,NA,NA,NA,NA,NA
501,404,501,1.38086645703814,NA,NA,NA,NA,NA
502,447,502,1.17552585883828,NA,NA,NA,NA,NA
503,487,503,1.10547899399373,NA,NA,NA,NA,NA
504,331,504,1.49084726404757,NA,NA,NA,NA,NA
505,444,505,1.00441988798233,NA,NA,NA,NA,NA
506,474,506,1.3526110315367,NA,NA,NA,NA,NA
507,440,507,1.61752219603712,NA,NA,NA,NA,NA
508,440,508,0.35524143263297,NA,NA,NA,NA,NA
509,399,509,0.267987373084364,NA,NA,NA,NA,NA
510,482,510,1.18323155678707,NA,NA,NA,NA,NA
511,419,511,0.742681580657576,NA,NA,NA,NA,NA
512,442,512,0.957127419193978,NA,NA,NA,NA,NA
513,445,513,1.40387575010168,NA,NA,NA,NA,NA
514,366,514,1.40861523748662,NA,NA,NA,NA,NA
515,390,515,1.3190435772707,NA,NA,NA,NA,NA
516,509,516,0.456515011413502,NA,NA,NA,NA,NA
517,508,517,1.10525352677363,NA,NA,NA,NA,NA
518,489,518,1.48451037987568,NA,NA,NA,NA,NA
519,489,519,0.827536597166386,NA,NA,NA,NA,NA
520,483,520,1.0945236204785,NA,NA,NA,NA,NA
521,483,521,0.520580679674349,NA,NA,NA,NA,NA
522,465,522,0.803498064902924,NA,NA,NA,NA,NA
523,397,523,1.49684431000907,NA,NA,NA,NA,NA
524,397,524,0.562273393717899,NA,NA,NA,NA,NA
525,461,525,0.700714242223429,NA,NA,NA,NA,NA
526,429,526,0.800713215447345,NA,NA,NA,NA,NA
527,428,527,1.36540260716169,NA,NA,NA,NA,NA
528,428,528,0.751903133614936,NA,NA,NA,NA,NA
529,421,529,1.24837680143069,NA,NA,NA,NA,NA
530,455,530,0.978458253840548,NA,NA,NA,NA,NA
531,481,531,0.929019111713378,NA,NA,NA,NA,NA
532,481,532,0.685532596630356,NA,NA,NA,NA,NA
533,496,533,1.17308389303312,NA,NA,NA,NA,NA
534,496,534,0.653800646717763,NA,NA,NA,NA,NA
535,486,535,0.739045277405904,NA,NA,NA,NA,NA
536,468,536,1.05340229388494,NA,NA,NA,NA,NA
537,468,537,1.00983004342734,NA,NA,NA,NA,NA
538,499,538,0.751433555392996,NA,NA,NA,NA,NA
539,406,539,0.587265357349389,NA,NA,NA,NA,NA
540,406,540,0.111549659658443,NA,NA,NA,NA,NA
541,467,541,0.0642429952895824,NA,NA,NA,NA,NA
542,454,542,0.614482134005434,NA,NA,NA,NA,NA
543,454,543,0.32328083991348,NA,NA,NA,NA,NA
544,503,544,0.268329320690466,NA,NA,NA,NA,NA
545,540,545,0.427493479195227,NA,NA,NA,NA,NA
546,505,546,0.932784225457814,NA,NA,NA,NA,NA
547,505,547,0.736312226729523,NA,NA,NA,NA,NA
548,490,548,0.608326690205383,NA,NA,NA,NA,NA
549,541,549,0.890739596812821,NA,NA,NA,NA,NA
550,541,550,0.573734656240844,NA,NA,NA,NA,NA
551,521,551,0.485053281945527,NA,NA,NA,NA,NA
552,498,552,0.892718424480223,NA,NA,NA,NA,NA
553,524,553,0.156258726183085,NA,NA,NA,NA,NA
554,460,554,0.702272507104894,NA,NA,NA,NA,NA
555,512,555,0.488313211889071,NA,NA,NA,NA,NA
556,525,556,0.64586552317257,NA,NA,NA,NA,NA
557,525,557,0.435785989207746,NA,NA,NA,NA,NA
558,519,558,0.588723607661263,NA,NA,NA,NA,NA
559,519,559,0.427042850653255,NA,NA,NA,NA,NA
560,522,560,0.717047354919428,NA,NA,NA,NA,NA
561,506,561,0.42649939197263,NA,NA,NA,NA,NA
562,545,562,0.51898004628155,NA,NA,NA,NA,NA
563,471,563,0.631643601106177,NA,NA,NA,NA,NA
564,534,564,0.423822663517624,NA,NA,NA,NA,NA
565,539,565,0.47258260001145,NA,NA,NA,NA,NA
566,484,566,0.518953549893023,NA,NA,NA,NA,NA
567,550,567,0.157796497945205,NA,NA,NA,NA,NA
568,548,568,0.26464291878542,NA,NA,NA,NA,NA
569,459,569,0.217579738277338,NA,NA,NA,NA,NA
570,452,570,0.448771657231416,NA,NA,NA,NA,NA
571,452,571,0.422851483640298,NA,NA,NA,NA,NA
572,547,572,0.286789892606138,NA,NA,NA,NA,NA
573,507,573,0.187952704695345,NA,NA,NA,NA,NA
574,559,574,0.102321903891081,NA,NA,NA,NA,NA
575,537,575,0.10309869433832,NA,NA,NA,NA,NA
576,554,576,0.128486088171431,NA,NA,NA,NA,NA
577,575,577,0.138433098996803,NA,NA,NA,NA,NA
578,546,578,0.166902089262361,NA,NA,NA,NA,NA
579,558,579,0.210388127277408,NA,NA,NA,NA,NA
